region_id,gx,gy,sw_lat,sw_lng,ne_lat,ne_lng
0,139,18,40.49056581157432,-74.25949289804531,40.50862726952147,-74.23596630083827
1,140,18,40.49061673991967,-74.23590275434762,40.50867335993771,-74.21236976835308
2,141,18,40.4906628179797,-74.21231257643267,40.50871459875801,-74.18877320504741
24,139,19,40.508576327519236,-74.25956279907854,40.52663777629937,-74.23602988157383
25,140,19,40.50862726952147,-74.23596630083827,40.526683879073964,-74.212426991094
26,141,19,40.50867335993771,-74.21236976835308,40.52672512895176,-74.18882406976876
27,142,19,40.50871459875801,-74.18877320504741,40.52676152592379,-74.1652211210253
28,143,19,40.50875098597341,-74.16517661434565,40.52679306998217,-74.14161814829082
48,139,20,40.5265868206379,-74.25963273778105,40.54464825848383,-74.236093496582
49,140,20,40.52663777629937,-74.23602988157383,40.54469437361896,-74.21248424468035
50,141,20,40.526683879073964,-74.212426991094,40.54473563455613,-74.18887496190834
51,142,20,40.52672512895176,-74.18882406976876,40.544772041286464,-74.16526565169593
52,143,20,40.52676152592379,-74.1652211210253,40.54480359380202,-74.14165631747312
53,144,20,40.52679306998217,-74.14161814829082,40.54483029209601,-74.11804696266994
61,152,20,40.526870716958165,-73.95279391401182,40.54486912599711,-73.92917179495743
72,139,21,40.54459728916082,-74.25970271418332,40.56265871430488,-74.23615714589047
73,140,21,40.54464825848383,-74.236093496582,40.562704841802606,-74.21254152913707
74,141,21,40.54469437361896,-74.21248424468035,40.562746113801104,-74.18892588148833
75,142,21,40.54473563455613,-74.18887496190834,40.562782530291415,-74.16531020637697
76,143,21,40.544772041286464,-74.16526565169593,40.56281409126565,-74.14169450723581
77,144,21,40.54480359380202,-74.14165631747312,40.56284079671696,-74.11807878749762
78,145,21,40.54483029209601,-74.11804696266994,40.56286264663956,-74.0944630505952
79,146,21,40.544852136162625,-74.0944375907164,40.562879641028736,-74.07084729996139
85,152,21,40.54488126159581,-73.95278119092148,40.562879641028736,-73.92915270003863
86,153,21,40.54486912599711,-73.92917179495743,40.56286264663956,-73.9055369494048
87,154,21,40.544852136162625,-73.9055624092836,40.56284079671696,-73.88192121250239
88,155,21,40.54483029209601,-73.88195303733006,40.56281409126565,-73.85830549276419
98,141,22,40.562704841802606,-74.21254152913707,40.580756564916214,-74.18897682853091
99,142,22,40.562746113801104,-74.18892588148833,40.58079299116818,-74.16535478508786
100,143,22,40.562782530291415,-74.16531020637697,40.580824560602544,-74.14173271759553
101,144,22,40.56281409126565,-74.14169450723581,40.58085127321243,-74.11811062948951
102,145,22,40.56284079671696,-74.11807878749762,40.580873128992046,-74.09448852420537
103,146,22,40.56286264663956,-74.0944630505952,40.58089012793666,-74.07086640517875
104,147,22,40.562879641028736,-74.07084729996139,40.58090227004259,-74.04724427584522
106,149,22,40.562899063193036,-74.02361577123094,40.580911983728924,-74.0
107,150,22,40.56290149096397,-74.0,40.580909555307215,-73.97637786035958
108,151,22,40.562899063193036,-73.97638422876908,40.58090227004259,-73.9527557241548
109,152,22,40.56289177988076,-73.95276846097099,40.58089012793666,-73.92913359482125
110,153,22,40.562879641028736,-73.92915270003863,40.580873128992046,-73.90551147579463
111,154,22,40.56286264663956,-73.9055369494048,40.58085127321243,-73.88188937051049
112,155,22,40.56284079671696,-73.88192121250239,40.580824560602544,-73.85826728240447
113,156,22,40.56281409126565,-73.85830549276419,40.58079299116818,-73.83464521491214
114,157,22,40.562782530291415,-73.83468979362303,40.580756564916214,-73.8110231714691
122,141,23,40.58071528185451,-74.21259884448915,40.59876698613061,-74.18902780305831
123,142,23,40.580756564916214,-74.18897682853091,40.59880342214595,-74.165399387848
124,143,23,40.58079299116818,-74.16535478508786,40.59883500004187,-74.14177094856895
125,144,23,40.580824560602544,-74.14173271759553,40.598861719811566,-74.11814248865952
126,145,23,40.58085127321243,-74.11811062948951,40.59888358144919,-74.09451401155808
127,146,23,40.580873128992046,-74.09448852420537,40.59890058495006,-74.070885520703
128,147,23,40.58089012793666,-74.07086640517875,40.59891273031045,-74.0472570195327
130,149,23,40.580909555307215,-74.02362213964044,40.59892244660035,-74.0
131,150,23,40.580911983728924,-74.0,40.598920017527746,-73.97637148851445
132,151,23,40.580909555307215,-73.97637786035958,40.59891273031045,-73.9527429804673
133,152,23,40.58090227004259,-73.9527557241548,40.59890058495006,-73.92911447929701
134,153,23,40.58089012793666,-73.92913359482125,40.59888358144919,-73.90548598844192
135,154,23,40.580873128992046,-73.90551147579463,40.598861719811566,-73.88185751134048
136,155,23,40.58085127321243,-73.88188937051049,40.59883500004187,-73.85822905143105
137,156,23,40.580824560602544,-73.85826728240447,40.59880342214595,-73.834600612152
138,157,23,40.58079299116818,-73.83464521491214,40.59876698613061,-73.81097219694169
139,158,23,40.580756564916214,-73.8110231714691,40.59872569200378,-73.78734380923845
140,159,23,40.58071528185451,-73.78740115551086,40.59867953977442,-73.76371545248057
141,160,23,40.58066914199202,-73.76377917047297,40.59862852945249,-73.74008713010635
142,161,23,40.58061814533877,-73.74015721979093,40.59857266104913,-73.71645884555403
146,141,24,40.59872569200378,-74.21265619076156,40.61677737567296,-74.18907880509279
147,142,24,40.59876698613061,-74.18902780305831,40.61681382145334,-74.1654440146769
148,143,24,40.59880342214595,-74.165399387848,40.616845407812306,-74.14180920017276
149,144,24,40.59883500004187,-74.14177094856895,40.616872134743026,-74.11817436502155
150,145,24,40.598861719811566,-74.11814248865952,40.6168940022397,-74.0945395126644
151,146,24,40.59888358144919,-74.09451401155808,40.6169110102976,-74.07090464654249
152,147,24,40.59890058495006,-74.070885520703,40.61692315891301,-74.04726977009699
153,148,24,40.59891273031045,-74.0472570195327,40.61693044808331,-74.0236348867691
154,149,24,40.598920017527746,-74.02362851148555,40.61693287780692,-74.0
155,150,24,40.59892244660035,-74.0,40.61693044808331,-73.97636511323091
156,151,24,40.598920017527746,-73.97637148851445,40.61692315891301,-73.95273022990303
157,152,24,40.59891273031045,-73.9527429804673,40.6169110102976,-73.92909535345751
158,153,24,40.59890058495006,-73.92911447929701,40.6168940022397,-73.9054604873356
159,154,24,40.59888358144919,-73.90548598844192,40.616872134743026,-73.88182563497845
160,155,24,40.598861719811566,-73.88185751134048,40.616845407812306,-73.85819079982724
161,156,24,40.59883500004187,-73.85822905143105,40.61681382145334,-73.83455598532312
162,157,24,40.59880342214595,-73.834600612152,40.61677737567296,-73.81092119490721
163,158,24,40.59876698613061,-73.81097219694169,40.61673607047912,-73.78728643202064
164,159,24,40.59872569200378,-73.78734380923845,40.616689905880726,-73.7636517001045
165,160,24,40.59867953977442,-73.76371545248057,40.61663888188783,-73.74001700259986
166,161,24,40.59862852945249,-73.74008713010635,40.61658299851146,-73.71638234294774
170,141,25,40.61673607047912,-74.21271356797936,40.63478773177154,-74.18912983465661
171,142,25,40.61677737567296,-74.18907880509279,40.634824187318635,-74.165488665594
172,143,25,40.61681382145334,-74.1654440146769,40.63485578214211,-74.14184747242366
173,144,25,40.616845407812306,-74.14180920017276,40.634882516235095,-74.11820625858951
174,145,25,40.616872134743026,-74.11817436502155,40.63490438959181,-74.0945650275355
175,146,25,40.6168940022397,-74.0945395126644,40.63492140220752,-74.07092378270556
176,147,25,40.6169110102976,-74.07090464654249,40.63493355407851,-74.04728252754369
177,148,25,40.61692315891301,-74.04726977009699,40.63494084520216,-74.02364126549384
178,149,25,40.61693044808331,-74.0236348867691,40.63494327557689,-74.0
179,150,25,40.61693287780692,-74.0,40.63494084520216,-73.97635873450618
180,151,25,40.61693044808331,-73.97636511323091,40.63493355407851,-73.95271747245631
181,152,25,40.61692315891301,-73.95273022990303,40.63492140220752,-73.92907621729445
182,153,25,40.6169110102976,-73.92909535345751,40.63490438959181,-73.9054349724645
183,154,25,40.6168940022397,-73.9054604873356,40.634882516235095,-73.88179374141049
184,155,25,40.616872134743026,-73.88182563497845,40.63485578214211,-73.85815252757635
185,156,25,40.616845407812306,-73.85819079982724,40.634824187318635,-73.834511334406
186,157,25,40.61681382145334,-73.83455598532312,40.63478773177154,-73.81087016534339
187,158,25,40.61677737567296,-73.81092119490721,40.634746415508744,-73.78722902383242
188,159,25,40.61673607047912,-73.78728643202064,40.6347002385392,-73.76358791331694
189,160,25,40.616689905880726,-73.7636517001045,40.634649200872936,-73.73994683724084
194,141,26,40.634746415508744,-74.21277097616759,40.65279805265417,-74.18918089177207
195,142,26,40.63478773177154,-74.18912983465661,40.65283451796966,-74.16553334061886
196,143,26,40.634824187318635,-74.165488665594,40.65286612125907,-74.14188576533837
197,144,26,40.63485578214211,-74.14184747242366,40.652892862515586,-74.11823816937735
198,145,26,40.634882516235095,-74.11820625858951,40.65291474173335,-74.0945905561825
199,146,26,40.63490438959181,-74.0945650275355,40.652931758907656,-74.07094292920058
200,147,26,40.63492140220752,-74.07092378270556,40.65294391403479,-74.04729529187834
201,148,26,40.63493355407851,-74.04728252754369,40.65295120711214,-74.02364764766257
202,149,26,40.63494084520216,-74.02364126549384,40.65295363813809,-74.0
203,150,26,40.63494327557689,-74.0,40.65295120711214,-73.97635235233744
204,151,26,40.63494084520216,-73.97635873450618,40.65294391403479,-73.95270470812166
205,152,26,40.63493355407851,-73.95271747245631,40.652931758907656,-73.92905707079942
206,153,26,40.63492140220752,-73.92907621729445,40.65291474173335,-73.9054094438175
207,154,26,40.63490438959181,-73.9054349724645,40.652892862515586,-73.88176183062265
208,155,26,40.634882516235095,-73.88179374141049,40.65286612125907,-73.85811423466163
209,156,26,40.63485578214211,-73.85815252757635,40.65283451796966,-73.83446665938115
210,157,26,40.634824187318635,-73.834511334406,40.65279805265417,-73.81081910822793
211,158,26,40.63478773177154,-73.81087016534339,40.65275672532053,-73.78717158464868
212,159,26,40.634746415508744,-73.78722902383242,40.6527105359777,-73.76352409209002
213,160,26,40.6347002385392,-73.76358791331694,40.652659484635706,-73.73987663399863
214,161,26,40.634649200872936,-73.73994683724084,40.65260357130562,-73.71622921382112
225,148,27,40.65294391403479,-74.04729529187834,40.67096153204061,-74.02365403327806
226,149,27,40.65295120711214,-74.02364764766257,40.670963963717895,-74.0
227,150,27,40.65295363813809,-74.0,40.67096153204061,-73.97634596672194
228,151,27,40.65295120711214,-73.97635235233744,40.67095423700924,-73.95269193689344
229,152,27,40.65294391403479,-73.95270470812166,40.67094207862539,-73.9290379139641
230,153,27,40.652931758907656,-73.92905707079942,40.6709250568917,-73.90538390138343
231,154,27,40.65291474173335,-73.9054094438175,40.670903171811865,-73.88172990260101
232,155,27,40.652892862515586,-73.88176183062265,40.67087642339063,-73.85807592106637
233,156,27,40.65286612125907,-73.85811423466163,40.67084481163378,-73.83442196022904
234,157,27,40.65283451796966,-73.83446665938115,40.67080833654821,-73.81076802353851
235,158,27,40.65279805265417,-73.81081910822793,40.670766998141794,-73.7871141144443
236,159,27,40.65275672532053,-73.78717158464868,40.67072079642355,-73.76346023639583
237,160,27,40.6527105359777,-73.76352409209002,40.67066973140348,-73.73980639284255
238,161,27,40.652659484635706,-73.73987663399863,40.67061380309267,-73.71615258723386
249,148,28,40.67095423700924,-74.04730806310656,40.68897181821452,-74.02366042234314
250,149,28,40.67096153204061,-74.02365403327806,40.68897425054329,-74.0
251,150,28,40.670963963717895,-74.0,40.68897181821452,-73.97633957765686
252,151,28,40.67096153204061,-73.97634596672194,40.6889645212288,-73.9526791587661
253,152,28,40.67095423700924,-73.95269193689344,40.68895235958768,-73.92901874678006
254,153,28,40.67094207862539,-73.9290379139641,40.68893533329383,-73.9053583451511
255,154,28,40.6709250568917,-73.90538390138343,40.68891344235092,-73.88169795733157
256,155,28,40.670903171811865,-73.88172990260101,40.68888668676369,-73.8580375867738
257,156,28,40.67087642339063,-73.85807592106637,40.688855066537975,-73.83437723693011
258,157,28,40.67084481163378,-73.83442196022904,40.68881858168062,-73.81071691125281
259,158,28,40.67080833654821,-73.81076802353851,40.68877723219954,-73.78705661319417
260,159,28,40.670766998141794,-73.7871141144443,40.68873101810375,-73.76339634620643
261,160,28,40.67072079642355,-73.76346023639583,40.68867993940324,-73.73973611374187
262,161,28,40.67066973140348,-73.73980639284255,40.6886239961091,-73.71607591925263
272,147,29,40.68895235958768,-74.07098125321994,40.706974764920005,-74.04733362626598
273,148,29,40.6889645212288,-74.0473208412339,40.70698206386042,-74.02366681486058
274,149,29,40.68897181821452,-74.02366042234314,40.70698449684075,-74.0
275,150,29,40.68897425054329,-74.0,40.70698206386042,-73.97633318513944
276,151,29,40.68897181821452,-73.97633957765686,40.706974764920005,-73.95266637373403
277,152,29,40.6889645212288,-73.9526791587661,40.706962600021065,-73.92899956923894
278,153,29,40.68895235958768,-73.92901874678006,40.706945569166244,-73.90533277510934
279,154,29,40.68893533329383,-73.9053583451511,40.70692367235923,-73.88166599480036
280,155,29,40.68891344235092,-73.88169795733157,40.706896909604794,-73.85799923176714
281,156,29,40.68888668676369,-73.8580375867738,40.70686528090874,-73.83433248946478
282,157,29,40.688855066537975,-73.83437723693011,40.706828786277924,-73.81066577134843
283,158,29,40.68881858168062,-73.81071691125281,40.70678742572028,-73.78699908087312
284,159,29,40.68877723219954,-73.78705661319417,40.70674119924479,-73.76333242149391
285,160,29,40.68873101810375,-73.76339634620643,40.706690106861465,-73.73966579666583
286,161,29,40.68867993940324,-73.73973611374187,40.70663414858142,-73.7159992098439
298,149,30,40.70698206386042,-74.02366681486058,40.724994700836376,-74.0
299,150,30,40.70698449684075,-74.0,40.724992267204385,-73.97632678916683
300,151,30,40.70698206386042,-73.97633318513944,40.72498496630892,-73.95265358179162
301,152,30,40.706974764920005,-73.95266637373403,40.72497279815158,-73.92898038133234
302,153,30,40.706962600021065,-73.92899956923894,40.724955762735014,-73.90530719124696
303,154,30,40.706945569166244,-73.90533277510934,40.724933860062905,-73.8816340149934
304,155,30,40.70692367235923,-73.88166599480036,40.724907090140015,-73.85796085602959
305,156,30,40.706896909604794,-73.85799923176714,40.72487545297215,-73.8342877178135
306,157,30,40.70686528090874,-73.83433248946478,40.7248389485662,-73.81061460380299
307,158,30,40.706828786277924,-73.81066577134843,40.72479757693006,-73.78694151745593
308,159,30,40.70678742572028,-73.78699908087312,40.72475133807275,-73.76326846223023
309,160,30,40.70674119924479,-73.76333242149391,40.72470023200426,-73.73959544158366
310,161,30,40.706690106861465,-73.73966579666583,40.72464425873573,-73.71592245897406
322,149,31,40.724992267204385,-74.02367321083318,40.74300486075584,-74.0
323,150,31,40.724994700836376,-74.0,40.74300242647205,-73.97632038973626
324,151,31,40.724992267204385,-73.97632678916683,40.74299512362124,-73.95264078293329
325,152,31,40.72498496630892,-73.95265358179162,40.74298295220494,-73.92896118305187
326,153,31,40.72497279815158,-73.92898038133234,40.742965912225834,-73.90528159355273
327,154,31,40.724955762735014,-73.90530719124696,40.74294400368762,-73.88160201789665
328,155,31,40.724933860062905,-73.8816340149934,40.742917226595026,-73.85792245954438
329,156,31,40.724907090140015,-73.85796085602959,40.74288558095392,-73.83424292195662
330,157,31,40.72487545297215,-73.8342877178135,40.74284906677112,-73.81056340859406
331,158,31,40.7248389485662,-73.81061460380299,40.74280768405458,-73.78688392291744
332,159,31,40.72479757693006,-73.78694151745593,40.74276143281328,-73.76320446838739
333,160,31,40.72475133807275,-73.76326846223023,40.74271031305729,-73.73952504846454
334,161,31,40.72470023200426,-73.73959544158366,40.74265432479768,-73.7158456666095
335,162,31,40.72464425873573,-73.71592245897406,40.742593468046614,-73.69216632628283
346,149,32,40.74300242647205,-74.02367961026374,40.76101497482438,-74.0
347,150,32,40.74300486075584,-74.0,40.761012539888675,-73.97631398684493
348,151,32,40.74300242647205,-73.97632038973626,40.761005235082145,-73.95262797715343
349,152,32,40.74299512362124,-73.95264078293329,40.76099306040634,-73.92894197438908
350,153,32,40.74298295220494,-73.92896118305187,40.76097601586391,-73.90525598201546
351,154,32,40.742965912225834,-73.90528159355273,40.76095410145856,-73.88157000349612
352,155,32,40.74294400368762,-73.88160201789665,40.76092731719503,-73.85788404229463
353,156,32,40.742917226595026,-73.85792245954438,40.760895663079204,-73.83419810187449
354,157,32,40.74288558095392,-73.83424292195662,40.76085913911789,-73.81051218569924
355,158,32,40.74284906677112,-73.81056340859406,40.76081774531904,-73.78682629723237
356,159,32,40.74280768405458,-73.78688392291744,40.76077148169164,-73.76314043993733
357,160,32,40.74276143281328,-73.76320446838739,40.76072034824575,-73.73945461727759
358,161,32,40.74271031305729,-73.73952504846454,40.76066434499248,-73.71576883271655
359,162,32,40.74265432479768,-73.7158456666095,40.76060347194399,-73.69208308971757
370,149,33,40.761012539888675,-74.02368601315507,40.77902504126673,-74.0
371,150,33,40.76101497482438,-74.0,40.77902260567902,-73.97630758049
372,151,33,40.761012539888675,-73.97631398684493,40.77901529891643,-73.9526151644464
373,152,33,40.761005235082145,-73.95262797715343,40.77900312098053,-73.92892275533558
374,153,33,40.76099306040634,-73.92894197438908,40.778986071874,-73.9052303566239
375,154,33,40.76097601586391,-73.90525598201546,40.77896415160051,-73.88153797177775
376,155,33,40.76095410145856,-73.88157000349612,40.77893736016486,-73.8578456042635
377,156,33,40.76092731719503,-73.85788404229463,40.77890569757281,-73.83415325754748
378,157,33,40.760895663079204,-73.83419810187449,40.778869163831274,-73.81046093509603
379,158,33,40.76085913911789,-73.81051218569924,40.778827758948196,-73.78676864037543
380,159,33,40.76081774531904,-73.78682629723237,40.778781482932565,-73.76307637685198
381,160,33,40.76077148169164,-73.76314043993733,40.778730335794435,-73.73938414799194
382,161,33,40.76072034824575,-73.73945461727759,40.778674317544905,-73.71569195726151
383,162,33,40.76066434499248,-73.71576883271655,40.77861342819616,-73.69199980812688
395,150,34,40.77902504126673,-74.0,40.79703262206747,-73.9763011706687
396,151,34,40.77902260567902,-73.97630758049,40.79702531334849,-73.95260234480659
397,152,34,40.77901529891643,-73.9526151644464,40.797013132151974,-73.9289035258829
398,153,34,40.77900312098053,-73.92892275533558,40.79699607848053,-73.9052047173668
399,154,34,40.778986071874,-73.9052303566239,40.79697415233789,-73.8815059227275
400,155,34,40.77896415160051,-73.88153797177775,40.796947353728825,-73.85780714543415
401,156,34,40.77893736016486,-73.8578456042635,40.79691568265913,-73.83410838895593
402,157,34,40.77890569757281,-73.83415325754748,40.79687913913569,-73.81040965676195
403,158,34,40.778869163831274,-73.81046093509603,40.79683772316647,-73.78671095232136
404,159,34,40.778827758948196,-73.78676864037543,40.796791434760465,-73.76301227910324
405,160,34,40.778781482932565,-73.76307637685198,40.79674027392771,-73.73931364057665
419,150,35,40.797035058307316,-74.0,40.81504258727796,-73.97629475737818
420,151,35,40.79703262206747,-73.9763011706687,40.815035276602266,-73.95258951822838
421,152,35,40.79702531334849,-73.95260234480659,40.815023092144536,-73.92888428602264
422,153,35,40.797013132151974,-73.9289035258829,40.81500603390741,-73.90517906423293
423,154,35,40.79699607848053,-73.9052047173668,40.8149841018946,-73.88147385633128
424,155,35,40.79697415233789,-73.8815059227275,40.8149572961109,-73.85776866578968
425,156,35,40.796947353728825,-73.85780714543415,40.814925616562064,-73.83406349608009
426,157,35,40.79691568265913,-73.83410838895593,40.81488906325505,-73.81035835067449
427,158,35,40.79687913913569,-73.81040965676195,40.81484763619778,-73.7866532330448
444,151,36,40.81504258727796,-73.97629475737818,40.83304518690122,-73.95257668470613
445,152,36,40.815035276602266,-73.95258951822838,40.833032999181704,-73.9288650357463
446,153,36,40.815023092144536,-73.92888428602264,40.833015936378104,-73.905153397211
447,154,36,40.81500603390741,-73.90517906423293,40.83299399849411,-73.88144177257502
448,155,36,40.8149841018946,-73.88147385633128,40.83296718553453,-73.85773016531317
449,156,36,40.8149572961109,-73.85776866578968,40.832935497505126,-73.83401857890027
450,157,36,40.814925616562064,-73.83406349608009,40.832898934412846,-73.81030701681111
451,158,36,40.81488906325505,-73.81035835067449,40.832857496265596,-73.78659548252041
469,152,37,40.83304518690122,-73.95257668470613,40.8510428514866,-73.92884577504547
470,153,37,40.833032999181704,-73.9288650357463,40.85102578411574,-73.90512771628971
471,154,37,40.833015936378104,-73.905153397211,40.85100384035956,-73.88140967144457
472,155,37,40.83299399849411,-73.88144177257502,40.85097702022285,-73.85769164398772
473,156,37,40.83296718553453,-73.85773016531317,40.8509453237114,-73.83397363739674
474,157,37,40.832935497505126,-73.83401857890027,40.85090875083215,-73.81025565514925
475,158,37,40.832898934412846,-73.81030701681111,40.85086730159302,-73.78653770072282
476,159,37,40.832857496265596,-73.78659548252041,40.85082097600303,-73.762819777595
493,152,38,40.85105504246844,-73.9525638442342,40.869052647281855,-73.92882650391165
494,153,38,40.8510428514866,-73.92884577504547,40.869035575342934,-73.90510202145781
495,154,38,40.85102578411574,-73.90512771628971,40.86901362571356,-73.8813775529259
496,155,38,40.85100384035956,-73.88140967144457,40.86898679839848,-73.85765310179639
497,156,38,40.85097702022285,-73.85769164398772,40.86895509340354,-73.83392867154971
498,157,38,40.8509453237114,-73.83397363739674,40.86891851073562,-73.81020426566631
499,158,38,40.85090875083215,-73.81025565514925,40.86887705040268,-73.7864798876266
500,159,38,40.85086730159302,-73.78653770072282,40.86883071241376,-73.76275554091093
517,152,39,40.869064841526594,-73.95255099680695,40.88706238478967,-73.92880722233636
518,153,39,40.869052647281855,-73.92882650391165,40.887045308281905,-73.90507631270395
519,154,39,40.869035575342934,-73.90510202145781,40.88702335277831,-73.88134541700481
520,155,39,40.86901362571356,-73.8813775529259,40.88699651828363,-73.8576145387222
521,156,39,40.86898679839848,-73.85765310179639,40.8869648048037,-73.83388368133943
522,157,39,40.86895509340354,-73.83392867154971,40.886928212345445,-73.81015284833971
523,158,39,40.86891851073562,-73.81020426566631,40.88688674091678,-73.78642204320631
524,159,39,40.86887705040268,-73.7864798876266,40.886840390526764,-73.76269126942243
542,153,40,40.88706238478967,-73.92880722233636,40.905054981154464,-73.90505059001686
543,154,40,40.887045308281905,-73.90507631270395,40.905033019775615,-73.88131326366718
544,155,40,40.88702335277831,-73.88134541700481,40.90500617810011,-73.85757595474821
545,156,40,40.88699651828363,-73.8576145387222,40.90497445613374,-73.83383866674605
546,157,40,40.8869648048037,-73.83388368133943,40.90493785388344,-73.81010140314679
547,158,40,40.886928212345445,-73.81015284833971,40.90489637135717,-73.78636416743652
566,153,41,40.905072062231866,-73.92878793031112,40.923064592181966,-73.90502485338517
567,154,41,40.905054981154464,-73.90505059001686,40.92304262492687,-73.88128109289883
568,155,41,40.905033019775615,-73.88131326366718,40.92301577606926,-73.8575373498574
569,156,41,40.90500617810011,-73.85757595474821,40.92298404561499,-73.83379362774977
